{"cameraMode":{"drawMode":0,"name":"Shaded","section":"Shading Mode"},"sceneLighting":true,"audioPlay":false,"sceneViewState":{"m_AlwaysRefresh":false,"showFog":true,"showSkybox":true,"showFlares":true,"showImageEffects":true,"showParticleSystems":true,"showVisualEffectGraphs":true,"m_FxEnabled":true},"in2DMode":false,"pivot":{"x":226.07476806640626,"y":-34.118587493896487,"z":-127.31248474121094},"rotation":{"x":0.035821765661239627,"y":0.8662274479866028,"z":-0.06274177879095078,"w":0.4944397807121277},"size":166.2259521484375,"orthographic":false}